url,Monthly rental price,Bedrooms,Living area,lat,lon
https://www.immoweb.be/en/classified/apartment/for-rent/gent/9000/8367615?searchId=5eab58c31fbed,950.0,3.0,111.0,51.030359250000004,3.737901372467958
https://www.immoweb.be/en/classified/apartment/for-rent/gent/9000/8672143?searchId=5eab58c31fbed,700.0,2.0,81.0,51.030359250000004,3.737901372467958
https://www.immoweb.be/en/classified/apartment/for-rent/gent/9000/8120419?searchId=5eab58c31fbed,995.0,3.0,107.0,51.030359250000004,3.737901372467958
https://www.immoweb.be/en/classified/apartment/for-rent/gent/9000/8495401?searchId=5eab58c31fbed,1215.0,3.0,123.0,51.030359250000004,3.737901372467958
https://www.immoweb.be/en/classified/penthouse/for-rent/gent/9000/8546280?searchId=5eab58c31fbed,1220.0,3.0,157.0,51.030359250000004,3.737901372467958
https://www.immoweb.be/en/classified/apartment/for-rent/gent/9000/8675245?searchId=5eab58c31fbed,1495.0,2.0,160.0,51.03689685,3.7095342510127924
https://www.immoweb.be/en/classified/apartment/for-rent/gent/9000/8662322?searchId=5eab58c31fbed,695.0,2.0,74.0,51.0381724,3.715418426474187
https://www.immoweb.be/en/classified/apartment/for-rent/gent/9000/8627378?searchId=5eab58c31fbed,870.0,2.0,85.0,51.0348351,3.7544143
https://www.immoweb.be/en/classified/duplex/for-rent/gent/9000/8565339?searchId=5eab58c31fbed,935.0,3.0,124.0,51.030359250000004,3.737901372467958
https://www.immoweb.be/en/classified/apartment/for-rent/gent/9000/8650695?searchId=5eab58c31fbed,1100.0,1.0,100.0,51.03689685,3.7095342510127924
https://www.immoweb.be/en/classified/house/for-rent/gent/9000/8682161?searchId=5eab58c31fbed,30.0,1.0,36.0,51.0584236,3.7164607
https://www.immoweb.be/en/classified/apartment/for-rent/gent/9000/8672020?searchId=5eab58c31fbed,750.0,1.0,70.0,51.03689685,3.7095342510127924
https://www.immoweb.be/en/classified/apartment/for-rent/gent/9000/8648556?searchId=5eab58c31fbed,975.0,3.0,150.0,51.0340723,3.7065523648218357
https://www.immoweb.be/en/classified/apartment/for-rent/gent/9000/8484239?searchId=5eab58c31fbed,990.0,2.0,70.0,51.0348351,3.7544143
https://www.immoweb.be/en/classified/apartment/for-rent/gent/9000/3399497?searchId=5eab58c31fbed,1150.0,3.0,142.0,51.03689685,3.7095342510127924
https://www.immoweb.be/en/classified/apartment/for-rent/gent/9000/8671551?searchId=5eab58c31fbed,920.0,2.0,96.0,51.0410378,3.717655741454422
https://www.immoweb.be/en/classified/apartment/for-rent/gent/9000/8679129?searchId=5eab58c31fbed,725.0,2.0,70.0,51.030359250000004,3.737901372467958
https://www.immoweb.be/en/classified/apartment/for-rent/gent/9000/8657132?searchId=5eab58c31fbed,990.0,2.0,88.0,51.0348351,3.7544143
https://www.immoweb.be/en/classified/apartment/for-rent/gent/9000/8636482?searchId=5eab58c31fbed,900.0,2.0,82.0,51.03689685,3.7095342510127924
https://www.immoweb.be/en/classified/apartment/for-rent/gent/9000/8566985?searchId=5eab58c31fbed,845.0,2.0,70.0,51.0195725,3.6804577
https://www.immoweb.be/en/classified/apartment/for-rent/gent/9000/8595414?searchId=5eab58c31fbed,850.0,2.0,91.0,51.0195725,3.6804577
https://www.immoweb.be/en/classified/apartment/for-rent/gent/9000/8573195?searchId=5eab58c31fbed,950.0,2.0,87.0,51.0410378,3.717655741454422
https://www.immoweb.be/en/classified/loft/for-rent/gent/9000/8653043?searchId=5eab58c31fbed,1000.0,1.0,145.0,51.0493535,3.7275154
https://www.immoweb.be/en/classified/apartment/for-rent/gent/9000/8585085?searchId=5eab58c31fbed,1150.0,3.0,109.0,51.0410378,3.717655741454422
https://www.immoweb.be/en/classified/apartment/for-rent/gent/9000/8657769?searchId=5eab58c31fbed,765.0,2.0,99.0,51.0410378,3.717655741454422
https://www.immoweb.be/en/classified/apartment/for-rent/gent/9000/8638463?searchId=5eab58c31fbed,925.0,3.0,136.0,51.0410378,3.717655741454422
https://www.immoweb.be/en/classified/house/for-rent/gent/9000/8662134?searchId=5eab58c31fbed,1000.0,2.0,125.0,51.0358223,3.6944019
https://www.immoweb.be/en/classified/apartment/for-rent/gent/9000/8662793?searchId=5eab5a13be5b7,750.0,2.0,126.0,51.0410378,3.717655741454422
https://www.immoweb.be/en/classified/apartment/for-rent/gent/9000/8585084?searchId=5eab5a13be5b7,1150.0,3.0,109.0,51.0410378,3.717655741454422
https://www.immoweb.be/en/classified/apartment/for-rent/gent/9000/8652010?searchId=5eab5a13be5b7,595.0,1.0,59.0,51.0410378,3.717655741454422
https://www.immoweb.be/en/classified/apartment/for-rent/gent/9000/8580030?searchId=5eab5a13be5b7,700.0,2.0,118.0,50.8553847,3.7297867
https://www.immoweb.be/en/classified/apartment/for-rent/gent/9000/8613563?searchId=5eab5a13be5b7,925.0,3.0,160.0,51.0410378,3.717655741454422
https://www.immoweb.be/en/classified/apartment/for-rent/gent/9000/8652975?searchId=5eab5a13be5b7,895.0,2.0,88.0,51.0461108,3.726664918505956
https://www.immoweb.be/en/classified/apartment/for-rent/gent/9000/8660242?searchId=5eab5a13be5b7,635.0,1.0,50.0,51.0410378,3.717655741454422
https://www.immoweb.be/en/classified/apartment/for-rent/gent/9000/8508248?searchId=5eab5a13be5b7,880.0,1.0,78.0,51.0410378,3.717655741454422
https://www.immoweb.be/en/classified/apartment/for-rent/gent/9000/8566984?searchId=5eab5a13be5b7,1150.0,3.0,102.0,51.0195725,3.6804577
https://www.immoweb.be/en/classified/apartment/for-rent/gent/9000/8646390?searchId=5eab5a13be5b7,775.0,2.0,84.0,51.0410378,3.717655741454422
https://www.immoweb.be/en/classified/flat-studio/for-rent/gent/9000/8687930?searchId=5eab5a13be5b7,800.0,1.0,76.0,51.0493535,3.7275154
https://www.immoweb.be/en/classified/house/for-rent/gent/9000/8658409?searchId=5eab5a13be5b7,995.0,3.0,126.0,51.0410378,3.717655741454422
https://www.immoweb.be/en/classified/apartment/for-rent/gent/9000/8646391?searchId=5eab5a13be5b7,820.0,3.0,135.0,51.0410378,3.717655741454422
https://www.immoweb.be/en/classified/apartment/for-rent/gent/9000/8582105?searchId=5eab5a13be5b7,695.0,2.0,113.0,51.0410378,3.717655741454422
https://www.immoweb.be/en/classified/duplex/for-rent/gent/9000/8665252?searchId=5eab5a13be5b7,1750.0,2.0,130.0,51.03689685,3.7095342510127924
https://www.immoweb.be/en/classified/mansion/for-rent/gent/9000/8570376?searchId=5eab5a13be5b7,1750.0,4.0,279.0,51.0410378,3.717655741454422
https://www.immoweb.be/en/classified/apartment/for-rent/gent/9000/8679508?searchId=5eab5a13be5b7,995.0,2.0,132.0,51.0358223,3.6944019
https://www.immoweb.be/en/classified/apartment/for-rent/gent/9000/8664615?searchId=5eab5a13be5b7,495.0,1.0,35.0,51.0410378,3.717655741454422
https://www.immoweb.be/en/classified/apartment/for-rent/gent/9000/8422353?searchId=5eab5a13be5b7,730.0,2.0,79.0,51.0410378,3.717655741454422
https://www.immoweb.be/en/classified/apartment/for-rent/gent/9000/8692404?searchId=5eab5a13be5b7,870.0,2.0,88.0,51.0358223,3.6944019
https://www.immoweb.be/en/classified/apartment/for-rent/gent/9000/8692424?searchId=5eab5b49d7d0c,615.0,1.0,60.0,51.0358223,3.6944019
https://www.immoweb.be/en/classified/apartment/for-rent/gent/9000/8692428?searchId=5eab5b49d7d0c,825.0,2.0,95.0,51.0358223,3.6944019
https://www.immoweb.be/en/classified/duplex/for-rent/gent/9000/8692438?searchId=5eab5b49d7d0c,960.0,2.0,97.0,51.0358223,3.6944019
https://www.immoweb.be/en/classified/ground-floor/for-rent/gent/9000/8620216?searchId=5eab5b49d7d0c,890.0,2.0,88.0,51.0461108,3.726664918505956
https://www.immoweb.be/en/classified/apartment/for-rent/gent/9000/8647333?searchId=5eab5b49d7d0c,850.0,2.0,74.0,50.8553847,3.7297867
https://www.immoweb.be/en/classified/apartment/for-rent/gent/9000/8692426?searchId=5eab5b49d7d0c,875.0,2.0,85.0,51.0358223,3.6944019
https://www.immoweb.be/en/classified/house/for-rent/gent/9000/8665574?searchId=5eab5b49d7d0c,515.0,2.0,108.0,51.0410378,3.717655741454422
https://www.immoweb.be/en/classified/house/for-rent/gent/9000/8692408?searchId=5eab5b49d7d0c,1000.0,2.0,125.0,51.0358223,3.6944019
https://www.immoweb.be/en/classified/triplex/for-rent/gent/9000/8692425?searchId=5eab5b49d7d0c,1400.0,3.0,150.0,51.0358223,3.6944019
https://www.immoweb.be/en/classified/triplex/for-rent/gent/9000/8671839?searchId=5eab5b49d7d0c,1400.0,3.0,150.0,51.0358223,3.6944019
https://www.immoweb.be/en/classified/kot/for-rent/gent/9000/8621868?searchId=5eab5b49d7d0c,405.0,1.0,18.0,51.0410378,3.717655741454422
https://www.immoweb.be/en/classified/apartment/for-rent/gent/9000/8650929?searchId=5eab5b49d7d0c,1400.0,2.0,130.0,51.0493535,3.7275154
https://www.immoweb.be/en/classified/apartment/for-rent/gent/9000/8650911?searchId=5eab5b49d7d0c,875.0,2.0,76.0,50.833001,3.6023251
https://www.immoweb.be/en/classified/duplex/for-rent/gent/9000/5099318?searchId=5eab5b49d7d0c,1150.0,3.0,146.0,51.0262973,3.7110885
https://www.immoweb.be/en/classified/apartment/for-rent/gent/9000/8671017?searchId=5eab5b49d7d0c,800.0,2.0,94.0,51.0603254,3.6589979
https://www.immoweb.be/en/classified/apartment/for-rent/gent/9000/8646527?searchId=5eab5b49d7d0c,775.0,2.0,90.0,51.0603728,3.7249287
https://www.immoweb.be/en/classified/apartment/for-rent/gent/9000/8658378?searchId=5eab5b49d7d0c,1300.0,3.0,145.0,51.0603728,3.7249287
https://www.immoweb.be/en/classified/apartment/for-rent/gent/9000/8609494?searchId=5eab5b49d7d0c,950.0,3.0,112.0,51.0511054,3.7046631
https://www.immoweb.be/en/classified/apartment/for-rent/gent/9000/8678086?searchId=5eab5b49d7d0c,1050.0,3.0,140.0,51.0603728,3.7249287
https://www.immoweb.be/en/classified/apartment/for-rent/gent/9000/8670096?searchId=5eab5b49d7d0c,890.0,2.0,98.0,51.101755,3.6326352
https://www.immoweb.be/en/classified/loft/for-rent/gent/9000/8656913?searchId=5eab5b49d7d0c,925.0,2.0,96.0,51.0603728,3.7249287
https://www.immoweb.be/en/classified/apartment/for-rent/gent/9000/8656911?searchId=5eab5c60b2d6a,925.0,2.0,96.0,51.0603728,3.7249287
https://www.immoweb.be/en/classified/loft/for-rent/gent/9000/2775893?searchId=5eab5c60b2d6a,900.0,1.0,130.0,51.0676959,3.7330259
https://www.immoweb.be/en/classified/apartment/for-rent/gent/9000/8663648?searchId=5eab5c60b2d6a,980.0,2.0,89.0,51.0676959,3.7330259
https://www.immoweb.be/en/classified/apartment/for-rent/gent/9000/8611516?searchId=5eab5c60b2d6a,780.0,3.0,102.0,51.0603728,3.7249287
https://www.immoweb.be/en/classified/house/for-rent/gent/9000/8684550?searchId=5eab5c60b2d6a,720.0,1.0,64.0,51.0581602,3.7331158
https://www.immoweb.be/en/classified/house/for-rent/gent/9000/8686484?searchId=5eab5c60b2d6a,985.0,3.0,98.0,51.0758595,3.7307011
https://www.immoweb.be/en/classified/apartment/for-rent/gent/9000/8461014?searchId=5eab5c60b2d6a,835.0,2.0,96.0,51.0148879,3.6935958
https://www.immoweb.be/en/classified/apartment/for-rent/gent/9000/8500998?searchId=5eab5c60b2d6a,895.0,2.0,105.0,51.0569007,3.7351684575626205
https://www.immoweb.be/en/classified/house/for-rent/gent/9000/5789975?searchId=5eab5c60b2d6a,755.0,2.0,80.0,51.02353555,3.7266298229063715
https://www.immoweb.be/en/classified/house/for-rent/gent/9000/8674721?searchId=5eab5c60b2d6a,990.0,3.0,125.0,51.048850200000004,3.7321747448488587
https://www.immoweb.be/en/classified/apartment/for-rent/gent/9000/8557642?searchId=5eab5c60b2d6a,745.0,2.0,97.0,51.0603254,3.6589979
https://www.immoweb.be/en/classified/apartment/for-rent/gent/9000/8655798?searchId=5eab5c60b2d6a,820.0,2.0,91.0,51.0676959,3.7330259
https://www.immoweb.be/en/classified/apartment/for-rent/gent/9000/8654518?searchId=5eab5c60b2d6a,700.0,2.0,90.0,51.0493158,3.7305356
https://www.immoweb.be/en/classified/apartment/for-rent/gent/9000/8669987?searchId=5eab5c60b2d6a,775.0,1.0,90.0,51.0490171,3.7441022
https://www.immoweb.be/en/classified/apartment/for-rent/gent/9000/8554970?searchId=5eab5c60b2d6a,705.0,1.0,54.0,51.0148879,3.6935958
https://www.immoweb.be/en/classified/apartment/for-rent/gent/9000/8693217?searchId=5eab5c60b2d6a,710.0,2.0,72.0,51.0603728,3.7249287
https://www.immoweb.be/en/classified/apartment/for-rent/gent/9000/8658486?searchId=5eab5c60b2d6a,770.0,2.0,77.0,51.0148879,3.6935958
https://www.immoweb.be/en/classified/apartment/for-rent/gent/9000/8648720?searchId=5eab5c60b2d6a,850.0,2.0,90.0,51.0493158,3.7305356
https://www.immoweb.be/en/classified/apartment/for-rent/gent/9000/8632772?searchId=5eab5c60b2d6a,995.0,3.0,104.0,51.0148879,3.6935958
https://www.immoweb.be/en/classified/apartment/for-rent/gent/9000/8517968?searchId=5eab5c60b2d6a,740.0,2.0,86.0,51.0423692,3.7328222
https://www.immoweb.be/en/classified/apartment/for-rent/gent/9000/8649457?searchId=5eab5d99f3679,800.0,1.0,53.0,51.0475258,3.7305276080729826
https://www.immoweb.be/en/classified/apartment/for-rent/gent/9000/8666505?searchId=5eab5d99f3679,750.0,2.0,80.0,51.0371046,3.7093649
https://www.immoweb.be/en/classified/apartment/for-rent/gent/9000/8541339?searchId=5eab5d99f3679,1360.0,3.0,150.0,51.0423692,3.7328222
https://www.immoweb.be/en/classified/apartment/for-rent/gent/9000/8486429?searchId=5eab5d99f3679,1725.0,2.0,120.0,51.0423692,3.7328222
https://www.immoweb.be/en/classified/apartment/for-rent/gent/9000/5227269?searchId=5eab5d99f3679,795.0,2.0,125.0,51.0533386,3.6990917
https://www.immoweb.be/en/classified/ground-floor/for-rent/gent/9000/8615503?searchId=5eab5d99f3679,950.0,2.0,92.0,51.101755,3.6326352
https://www.immoweb.be/en/classified/service-flat/for-rent/gent/9000/8258988?searchId=5eab5d99f3679,700.0,1.0,79.0,51.0148879,3.6935958
https://www.immoweb.be/en/classified/apartment/for-rent/gent/9000/8477906?searchId=5eab5d99f3679,840.0,2.0,71.0,51.0423692,3.7328222
https://www.immoweb.be/en/classified/apartment/for-rent/gent/9000/8611775?searchId=5eab5d99f3679,895.0,2.0,88.0,51.030473150000006,3.712641043458537
https://www.immoweb.be/en/classified/apartment/for-rent/gent/9000/8654986?searchId=5eab5d99f3679,885.0,2.0,96.0,51.0148879,3.6935958
https://www.immoweb.be/en/classified/service-flat/for-rent/gent/9000/8259884?searchId=5eab5d99f3679,868.0,1.0,80.0,51.1351646,3.7507062
https://www.immoweb.be/en/classified/apartment/for-rent/gent/9000/8267763?searchId=5eab5d99f3679,868.0,1.0,80.0,51.1351646,3.7507062
https://www.immoweb.be/en/classified/apartment/for-rent/gent/9000/8685576?searchId=5eab5d99f3679,685.0,2.0,72.0,51.0423692,3.7328222
https://www.immoweb.be/en/classified/apartment/for-rent/gent/9000/8508482?searchId=5eab5d99f3679,1700.0,1.0,85.0,51.0423692,3.7328222
https://www.immoweb.be/en/classified/apartment/for-rent/gent/9000/8620279?searchId=5eab5d99f3679,750.0,1.0,95.0,51.0423692,3.7328222
https://www.immoweb.be/en/classified/apartment/for-rent/gent/9000/8584248?searchId=5eab5d99f3679,1700.0,2.0,115.0,51.0423692,3.7328222
https://www.immoweb.be/en/classified/apartment/for-rent/gent/9000/8620278?searchId=5eab5d99f3679,1450.0,1.0,77.0,51.0423692,3.7328222
https://www.immoweb.be/en/classified/apartment/for-rent/gent/9000/8684681?searchId=5eab5d99f3679,810.0,2.0,90.0,51.0423692,3.7328222
https://www.immoweb.be/en/classified/apartment/for-rent/gent/9000/8615828?searchId=5eab5ece9b674,1450.0,3.0,135.0,51.030473150000006,3.712641043458537
https://www.immoweb.be/en/classified/apartment/for-rent/gent/9000/8671568?searchId=5eab5ece9b674,900.0,3.0,127.0,51.03581725,3.7158632893882175
https://www.immoweb.be/en/classified/apartment/for-rent/gent/9000/8635557?searchId=5eab5ece9b674,725.0,1.0,85.0,51.04257215,3.7309933821667256
https://www.immoweb.be/en/classified/apartment/for-rent/gent/9000/8640808?searchId=5eab5ece9b674,1920.0,3.0,220.0,51.048850200000004,3.7321747448488587
https://www.immoweb.be/en/classified/house/for-rent/gent/9000/8675395?searchId=5eab5ece9b674,890.0,3.0,101.0,51.0390451,3.7159236
https://www.immoweb.be/en/classified/apartment/for-rent/gent/9000/8676287?searchId=5eab5ece9b674,1200.0,3.0,122.0,51.0498404,3.7225027
https://www.immoweb.be/en/classified/apartment/for-rent/gent/9000/8640815?searchId=5eab5ece9b674,1350.0,2.0,135.0,51.048850200000004,3.7321747448488587
https://www.immoweb.be/en/classified/apartment/for-rent/gent/9000/8676288?searchId=5eab5ece9b674,850.0,1.0,80.0,51.0498404,3.7225027
https://www.immoweb.be/en/classified/apartment/for-rent/gent/9000/8676300?searchId=5eab5ece9b674,1150.0,3.0,126.0,51.0498404,3.7225027
https://www.immoweb.be/en/classified/ground-floor/for-rent/gent/9000/8640816?searchId=5eab5ece9b674,880.0,3.0,138.0,51.048850200000004,3.7321747448488587
https://www.immoweb.be/en/classified/apartment/for-rent/gent/9000/8673813?searchId=5eab5ece9b674,800.0,2.0,91.0,51.0025951,3.7027928
https://www.immoweb.be/en/classified/apartment/for-rent/gent/9000/8678421?searchId=5eab5ece9b674,850.0,2.0,86.0,51.0498404,3.7225027
https://www.immoweb.be/en/classified/penthouse/for-rent/gent/9000/8640821?searchId=5eab5ece9b674,1295.0,3.0,140.0,51.048850200000004,3.7321747448488587
https://www.immoweb.be/en/classified/apartment/for-rent/gent/9000/8676299?searchId=5eab5ece9b674,825.0,2.0,80.0,51.0498404,3.7225027
https://www.immoweb.be/en/classified/apartment/for-rent/gent/9000/8633979?searchId=5eab5ece9b674,990.0,2.0,107.0,51.0498404,3.7225027
https://www.immoweb.be/en/classified/apartment/for-rent/gent/9000/8664695?searchId=5eab5ece9b674,1100.0,3.0,145.0,51.03581725,3.7158632893882175
https://www.immoweb.be/en/classified/mansion/for-rent/gent/9000/8640812?searchId=5eab5ece9b674,1950.0,5.0,300.0,51.048850200000004,3.7321747448488587
https://www.immoweb.be/en/classified/apartment/for-rent/gent/9000/8633209?searchId=5eab5ece9b674,715.0,1.0,60.0,51.0491972,3.7060436
https://www.immoweb.be/en/classified/apartment/for-rent/gent/9000/8676293?searchId=5eab5ece9b674,825.0,2.0,80.0,51.0498404,3.7225027
https://www.immoweb.be/en/classified/apartment/for-rent/gent/9000/8573847?searchId=5eab5fed60cab,1295.0,2.0,132.0,51.03581725,3.7158632893882175
https://www.immoweb.be/en/classified/apartment/for-rent/gent/9000/8676289?searchId=5eab5fed60cab,795.0,1.0,74.0,51.0498404,3.7225027
https://www.immoweb.be/en/classified/apartment/for-rent/gent/9000/8591049?searchId=5eab5fed60cab,850.0,2.0,100.0,51.0498404,3.7225027
https://www.immoweb.be/en/classified/house/for-rent/gent/9000/8676291?searchId=5eab5fed60cab,1200.0,3.0,122.0,51.0498404,3.7225027
https://www.immoweb.be/en/classified/apartment/for-rent/gent/9000/8688970?searchId=5eab5fed60cab,700.0,2.0,85.0,51.0514163,3.7203305
https://www.immoweb.be/en/classified/apartment/for-rent/gent/9000/8549942?searchId=5eab5fed60cab,780.0,2.0,80.0,51.03581725,3.7158632893882175
https://www.immoweb.be/en/classified/house/for-rent/gent/9000/8655527?searchId=5eab5fed60cab,1050.0,4.0,130.0,51.0491972,3.7060436
https://www.immoweb.be/en/classified/house/for-rent/gent/9000/8671399?searchId=5eab5fed60cab,950.0,2.0,161.0,51.0498404,3.7225027
https://www.immoweb.be/en/classified/apartment/for-rent/gent/9000/8279213?searchId=5eab5fed60cab,850.0,2.0,90.0,51.0576892,3.7122194
https://www.immoweb.be/en/classified/apartment/for-rent/gent/9000/8681523?searchId=5eab5fed60cab,560.0,1.0,63.0,51.0498404,3.7225027
https://www.immoweb.be/en/classified/apartment/for-rent/gent/9000/8692654?searchId=5eab5fed60cab,775.0,2.0,95.0,51.03581725,3.7158632893882175
https://www.immoweb.be/en/classified/apartment/for-rent/gent/9000/6864155?searchId=5eab5fed60cab,790.0,1.0,80.0,51.0538948,3.734319
https://www.immoweb.be/en/classified/apartment/for-rent/gent/9000/8333468?searchId=5eab5fed60cab,1250.0,3.0,114.0,51.03689685,3.7095342510127924
https://www.immoweb.be/en/classified/apartment/for-rent/gent/9000/8623689?searchId=5eab5fed60cab,840.0,2.0,75.0,51.03581725,3.7158632893882175
https://www.immoweb.be/en/classified/house/for-rent/gent/9000/8664377?searchId=5eab5fed60cab,850.0,1.0,103.0,50.9320197,3.618758
https://www.immoweb.be/en/classified/mansion/for-rent/gent/9000/8676290?searchId=5eab5fed60cab,1800.0,4.0,330.0,51.0498404,3.7225027
https://www.immoweb.be/en/classified/apartment/for-rent/gent/9000/8654579?searchId=5eab5fed60cab,750.0,1.0,83.0,51.0498404,3.7225027
https://www.immoweb.be/en/classified/apartment/for-rent/gent/9000/8603299?searchId=5eab5fed60cab,1350.0,3.0,146.0,51.0244916,3.7058459
https://www.immoweb.be/en/classified/apartment/for-rent/gent/9000/8685448?searchId=5eab5fed60cab,885.0,2.0,94.0,51.0408226,3.709655881020067
https://www.immoweb.be/en/classified/apartment/for-rent/gent/9000/8684348?searchId=5eab610e68ce3,1060.0,3.0,144.0,51.03581725,3.7158632893882175
https://www.immoweb.be/en/classified/house/for-rent/gent/9000/8672397?searchId=5eab610e68ce3,850.0,3.0,100.0,51.022309,3.7349134
https://www.immoweb.be/en/classified/apartment/for-rent/gent/9000/8632342?searchId=5eab610e68ce3,683.0,1.0,58.0,51.0584236,3.7164607
https://www.immoweb.be/en/classified/apartment/for-rent/gent/9000/5448548?searchId=5eab610e68ce3,720.0,1.0,68.0,51.0409492,3.7629064
https://www.immoweb.be/en/classified/apartment/for-rent/gent/9000/4471270?searchId=5eab610e68ce3,535.0,1.0,35.0,51.037277,3.7093497
https://www.immoweb.be/en/classified/apartment/for-rent/gent/9000/8676296?searchId=5eab610e68ce3,850.0,2.0,106.0,51.0498404,3.7225027
https://www.immoweb.be/en/classified/apartment/for-rent/gent/9000/8684675?searchId=5eab610e68ce3,1025.0,2.0,99.0,51.0498404,3.7225027
https://www.immoweb.be/en/classified/apartment/for-rent/gent/9000/8676295?searchId=5eab610e68ce3,695.0,1.0,62.0,51.0498404,3.7225027
https://www.immoweb.be/en/classified/ground-floor/for-rent/gent/9000/6064164?searchId=5eab610e68ce3,580.0,1.0,55.0,51.0371046,3.7093649
https://www.immoweb.be/en/classified/apartment/for-rent/gent/9000/8692394?searchId=5eab610e68ce3,675.0,1.0,58.0,50.97020375,3.517252002747259
https://www.immoweb.be/en/classified/apartment/for-rent/gent/9000/8596366?searchId=5eab610e68ce3,595.0,1.0,5.0,51.0498404,3.7225027
https://www.immoweb.be/en/classified/apartment/for-rent/gent/9000/8640814?searchId=5eab610e68ce3,600.0,1.0,50.0,51.048850200000004,3.7321747448488587
https://www.immoweb.be/en/classified/loft/for-rent/gent/9000/8661859?searchId=5eab610e68ce3,840.0,1.0,97.0,51.03581725,3.7158632893882175
https://www.immoweb.be/en/classified/apartment/for-rent/gent/9000/8643142?searchId=5eab610e68ce3,845.0,2.0,130.0,51.048850200000004,3.7321747448488587
https://www.immoweb.be/en/classified/apartment/for-rent/gent/9000/8624965?searchId=5eab610e68ce3,1050.0,2.0,110.0,51.048823299999995,3.720837758547016
https://www.immoweb.be/en/classified/house/for-rent/gent/9000/8644971?searchId=5eab610e68ce3,925.0,3.0,120.0,51.03581725,3.7158632893882175
https://www.immoweb.be/en/classified/apartment/for-rent/gent/9000/8470576?searchId=5eab610e68ce3,950.0,3.0,141.0,51.0457302,3.730653111277599
https://www.immoweb.be/en/classified/apartment/for-rent/gent/9000/8691184?searchId=5eab610e68ce3,825.0,2.0,80.0,51.0498404,3.7225027
https://www.immoweb.be/en/classified/apartment/for-rent/gent/9000/8652148?searchId=5eab610e68ce3,950.0,2.0,80.0,51.0384184,3.7262615
https://www.immoweb.be/en/classified/apartment/for-rent/gent/9000/8676281?searchId=5eab610e68ce3,1125.0,3.0,153.0,51.0498404,3.7225027
https://www.immoweb.be/en/classified/house/for-rent/gent/9000/8585611?searchId=5eab610e68ce3,850.0,2.0,110.0,51.0498404,3.7225027
https://www.immoweb.be/en/classified/apartment/for-rent/gent/9000/8649445?searchId=5eab610e68ce3,698.0,2.0,95.0,51.060852,3.6918644
https://www.immoweb.be/en/classified/duplex/for-rent/gent/9000/8582804?searchId=5eab610e68ce3,990.0,2.0,103.0,51.0329604,3.70812168583298
https://www.immoweb.be/en/classified/apartment/for-rent/gent/9000/8623687?searchId=5eab610e68ce3,725.0,1.0,58.0,51.03581725,3.7158632893882175
https://www.immoweb.be/en/classified/apartment/for-rent/gent/9000/8687125?searchId=5eab6225b5239,775.0,2.0,91.0,51.03581725,3.7158632893882175
https://www.immoweb.be/en/classified/apartment/for-rent/gent/9000/8656898?searchId=5eab6225b5239,795.0,2.0,85.0,51.048850200000004,3.7321747448488587
https://www.immoweb.be/en/classified/apartment/for-rent/gent/9000/8676578?searchId=5eab6225b5239,825.0,2.0,92.0,51.0498404,3.7225027
https://www.immoweb.be/en/classified/apartment/for-rent/gent/9000/8665957?searchId=5eab6225b5239,695.0,1.0,38.0,51.0371046,3.7093649
https://www.immoweb.be/en/classified/apartment/for-rent/gent/9000/8676294?searchId=5eab6225b5239,850.0,1.0,109.0,51.0498404,3.7225027
https://www.immoweb.be/en/classified/apartment/for-rent/gent/9000/8639577?searchId=5eab6225b5239,685.0,1.0,46.0,50.9320197,3.618758
https://www.immoweb.be/en/classified/ground-floor/for-rent/gent/9000/8384535?searchId=5eab6225b5239,775.0,2.0,74.0,51.0106982,3.637326
https://www.immoweb.be/en/classified/apartment/for-rent/gent/9000/8582110?searchId=5eab6225b5239,1300.0,2.0,160.0,51.0546322,3.7199171
https://www.immoweb.be/en/classified/apartment/for-rent/gent/9000/8657449?searchId=5eab6225b5239,1100.0,3.0,170.0,51.0244916,3.7058459
https://www.immoweb.be/en/classified/apartment/for-rent/gent/9000/8546029?searchId=5eab6225b5239,700.0,2.0,80.0,51.0080726,3.6577952
https://www.immoweb.be/en/classified/apartment/for-rent/gent/9000/8563573?searchId=5eab6225b5239,850.0,1.0,70.0,51.0381114,3.7144673
https://www.immoweb.be/en/classified/apartment/for-rent/gent/9000/8653112?searchId=5eab6225b5239,900.0,2.0,100.0,51.0466138,3.733022578203127
https://www.immoweb.be/en/classified/apartment/for-rent/gent/9000/8645005?searchId=5eab6225b5239,725.0,2.0,90.0,51.0326957,3.5489297
https://www.immoweb.be/en/classified/apartment/for-rent/gent/9000/8605877?searchId=5eab6225b5239,850.0,2.0,111.0,50.922888549999996,3.949131508546271
https://www.immoweb.be/en/classified/penthouse/for-rent/gent/9000/8601825?searchId=5eab6225b5239,900.0,1.0,76.0,51.0700486,3.7301142
https://www.immoweb.be/en/classified/apartment/for-rent/gent/9000/8648050?searchId=5eab6225b5239,575.0,1.0,65.0,51.03581725,3.7158632893882175
https://www.immoweb.be/en/classified/apartment/for-rent/gent/9000/7419410?searchId=5eab6225b5239,680.0,1.0,70.0,51.0538286,3.7250121
https://www.immoweb.be/en/classified/apartment/for-rent/gent/9000/8680478?searchId=5eab6225b5239,695.0,1.0,60.0,51.0517512,3.7262201222309708
https://www.immoweb.be/en/classified/apartment/for-rent/gent/9000/8582803?searchId=5eab6225b5239,720.0,1.0,50.0,51.0329604,3.70812168583298
https://www.immoweb.be/en/classified/duplex/for-rent/gent/9000/8687626?searchId=5eab6225b5239,1295.0,2.0,132.0,51.0546322,3.7199171
https://www.immoweb.be/en/classified/apartment/for-rent/gent/9000/7084915?searchId=5eab6374b5765,690.0,1.0,50.0,51.0371046,3.7093649
https://www.immoweb.be/en/classified/duplex/for-rent/gent/9000/8607333?searchId=5eab6374b5765,695.0,1.0,52.0,51.038130800000005,3.718495861699464
https://www.immoweb.be/en/classified/town-house/for-rent/gent/9000/8599044?searchId=5eab6374b5765,810.0,1.0,94.0,51.0491972,3.7060436
https://www.immoweb.be/en/classified/house/for-rent/gent/9000/8599043?searchId=5eab6374b5765,810.0,1.0,94.0,51.0491972,3.7060436
https://www.immoweb.be/en/classified/house/for-rent/gent/9000/8501145?searchId=5eab6374b5765,1980.0,6.0,289.0,50.9810793,3.7573275
https://www.immoweb.be/en/classified/apartment/for-rent/gent/9000/8649005?searchId=5eab6374b5765,675.0,2.0,80.0,51.037277,3.7093497
https://www.immoweb.be/en/classified/apartment/for-rent/gent/9000/8689303?searchId=5eab6374b5765,745.0,2.0,97.0,51.0603254,3.6589979
https://www.immoweb.be/en/classified/apartment/for-rent/gent/9000/8623688?searchId=5eab6374b5765,1180.0,3.0,160.0,51.03581725,3.7158632893882175
https://www.immoweb.be/en/classified/apartment/for-rent/gent/9000/8683991?searchId=5eab6374b5765,930.0,2.0,79.0,51.0517512,3.7262201222309708
https://www.immoweb.be/en/classified/apartment/for-rent/gent/9000/8470829?searchId=5eab6374b5765,642.0,1.0,65.0,51.0546322,3.7199171
https://www.immoweb.be/en/classified/apartment/for-rent/gent/9000/8605193?searchId=5eab6374b5765,1100.0,3.0,143.0,51.0136817,3.6464518
https://www.immoweb.be/en/classified/duplex/for-rent/gent/9000/8627196?searchId=5eab6374b5765,1495.0,3.0,130.0,51.0546322,3.7199171
https://www.immoweb.be/en/classified/ground-floor/for-rent/gent/9000/8674728?searchId=5eab6374b5765,950.0,2.0,95.0,51.03581725,3.7158632893882175
https://www.immoweb.be/en/classified/apartment/for-rent/gent/9000/8687384?searchId=5eab6374b5765,1400.0,3.0,193.0,51.0329604,3.70812168583298
https://www.immoweb.be/en/classified/apartment/for-rent/gent/9000/8620474?searchId=5eab6374b5765,645.0,1.0,47.0,51.036155199999996,3.7160417313632106
https://www.immoweb.be/en/classified/apartment/for-rent/gent/9000/8655191?searchId=5eab6374b5765,780.0,1.0,70.0,50.8694829,3.8103948
https://www.immoweb.be/en/classified/apartment/for-rent/gent/9000/8691290?searchId=5eab6374b5765,720.0,2.0,150.0,51.03581725,3.7158632893882175
https://www.immoweb.be/en/classified/duplex/for-rent/gent/9000/8656473?searchId=5eab6374b5765,730.0,2.0,90.0,51.0080726,3.6577952
https://www.immoweb.be/en/classified/duplex/for-rent/gent/9000/8560502?searchId=5eab6374b5765,1750.0,3.0,183.0,51.0244916,3.7058459
